{"cameraMode":{"drawMode":0,"name":"Shaded","section":"Shading Mode"},"sceneLighting":false,"audioPlay":false,"sceneViewState":{"m_AlwaysRefresh":false,"showFog":true,"showSkybox":false,"showFlares":true,"showImageEffects":true,"showParticleSystems":true,"showVisualEffectGraphs":true,"m_FxEnabled":true},"in2DMode":false,"pivot":{"x":-8.553587913513184,"y":2.0642714500427248,"z":0.2588648796081543},"rotation":{"x":-0.010148478671908379,"y":-0.9894675016403198,"z":0.11479433625936508,"w":-0.08750338107347489},"size":0.49547263979911806,"orthographic":false}